Name,Min Rank,Frequency in fused tables,Percentage
Aaron_Peirsol_,553,1,0.0595238
Aaron_Sorkin_,1,138,8.21429
Abdel_Nasser_Assidi_,1,436,25.9524
Abdoulaye_Wade_,1680,4,0.238095
Abdullah_,1210,0,0
Abdullah_Gul_,293,0,0
Abdullah_al-Attiyah_,1600,1,0.0595238
Abdullatif_Sener_,1,62,3.69048
Abel_Pacheco_,1125,2,0.119048
Abid_Hamid_Mahmud_Al-Tikriti_,1660,4,0.238095
Adam_Sandler_,504,2,0.119048
Adam_Scott_,1581,0,0
Adel_Al-Jubeir_,1417,1,0.0595238
Adolfo_Aguilar_Zinser_,1116,2,0.119048
Adolfo_Rodriguez_Saa_,1,118,7.02381
Adrian_McPherson_,1680,1,0.0595238
Adrian_Nastase_,2,4,0.238095
Adrien_Brody_,393,0,0
Ahmad_Masood_,2,2,0.119048
Ahmed_Chalabi_,395,1,0.0595238
Ahmet_Necdet_Sezer_,928,0,0
Ai_Sugiyama_,1099,1,0.0595238
Aicha_El_Ouafi_,1461,1,0.0595238
Aitor_Gonzalez_,1652,10,0.595238
Akbar_Hashemi_Rafsanjani_,245,1,0.0595238
Akhmed_Zakayev_,902,1,0.0595238
Al_Davis_,3,0,0
Al_Gore_,1214,0,0
Al_Pacino_,1154,1,0.0595238
Al_Sharpton_,1340,2,0.119048
Alan_Ball_,728,2,0.119048
Alan_Greenspan_,1229,0,0
Alan_Mulally_,904,2,0.119048
Alastair_Campbell_,928,1,0.0595238
Albert_Costa_,1633,2,0.119048
Alberto_Fujimori_,2,0,0
Alberto_Ruiz_Gallardon_,3,1,0.0595238
Albrecht_Mentz_,3,0,0
Aldo_Paredes_,2,0,0
Alec_Baldwin_,1138,2,0.119048
Alejandro_Atchugarry_,641,0,0
Alejandro_Avila_,1581,2,0.119048
Alejandro_Toledo_,969,1,0.0595238
Aleksander_Kwasniewski_,1195,1,0.0595238
Alex_Barros_,363,3,0.178571
Alex_Penelas_,307,10,0.595238
Alex_Sink_,595,0,0
Alexander_Downer_,168,0,0
Alexander_Losyukov_,443,1,0.0595238
Alexander_Rumyantsev_,419,3,0.178571
Alexandra_Stevenson_,1580,1,0.0595238
Alexandra_Vodjanikova_,1516,1,0.0595238
Ali_Abbas_,370,1,0.0595238
Ali_Khamenei_,1195,2,0.119048
Ali_Naimi_,430,1,0.0595238
Alice_Fisher_,1275,0,0
Alicia_Silverstone_,956,0,0
Alimzhan_Tokhtakhounov_,3,0,0
Alison_Lohman_,479,0,0
Allen_Iverson_,1290,3,0.178571
Allison_Janney_,992,1,0.0595238
Allyson_Felix_,1650,4,0.238095
Alvaro_Noboa_,392,0,0
Alvaro_Silva_Calderon_,829,1,0.0595238
Alvaro_Uribe_,513,4,0.238095
Amanda_Beard_,531,0,0
Amanda_Bynes_,57,0,0
Amanda_Coetzer_,1254,1,0.0595238
Amber_Tamblyn_,358,0,0
Amelia_Vega_,264,0,0
Amelie_Mauresmo_,1347,3,0.178571
Amer_al-Saadi_,472,5,0.297619
Amram_Mitzna_,842,0,0
Ana_Guevara_,1663,0,0
Ana_Palacio_,3,1,0.0595238
Anastasia_Myskina_,1530,1,0.0595238
Anders_Ebbeson_,1596,4,0.238095
Anders_Fogh_Rasmussen_,1624,2,0.119048
Andre_Agassi_,769,2,0.119048
Andrei_Mikhnevich_,1014,1,0.0595238
Andrew_Bunner_,405,0,0
Andrew_Cuomo_,176,0,0
Andrew_Niccol_,907,0,0
Andrew_Weissmann_,1586,0,0
Andy_Hebb_,33,0,0
Andy_Roddick_,975,1,0.0595238
Angela_Bassett_,1469,2,0.119048
Angela_Lansbury_,24,1,0.0595238
Angela_Merkel_,47,0,0
Angelina_Jolie_,447,2,0.119048
Angelo_Reyes_,1128,0,0
Anibal_Ibarra_,803,0,0
Ann_Veneman_,215,0,0
Anna_Kournikova_,1623,6,0.357143
Anna_Nicole_Smith_,481,0,0
Anne_Krueger_,859,1,0.0595238
Anne_McLellan_,274,0,0
Anneli_Jaatteenmaki_,1370,0,0
Annette_Bening_,1059,0,0
Annette_Lu_,14,1,0.0595238
Anthony_Fauci_,767,5,0.297619
Anthony_Hopkins_,1158,2,0.119048
Anthony_LaPaglia_,5,4,0.238095
Antonio_Banderas_,1558,1,0.0595238
Antonio_Palocci_,548,2,0.119048
Antonio_Trillanes_,16,6,0.357143
Antony_Leung_,1118,2,0.119048
Anwar_Ibrahim_,1484,0,0
Arantxa_Sanchez-Vicario_,1675,5,0.297619
Ari_Fleischer_,1648,3,0.178571
Arianna_Huffington_,1312,5,0.297619
Ariel_Sharon_,122,1,0.0595238
Arlen_Specter_,1087,0,0
Arminio_Fraga_,956,1,0.0595238
Arnaud_Clement_,637,0,0
Arnold_Palmer_,1073,0,0
Arnold_Schwarzenegger_,1356,0,0
Arnoldo_Aleman_,1527,1,0.0595238
Aron_Ralston_,1025,1,0.0595238
Arsinee_Khanjian_,1032,0,0
Art_Hoffmann_,74,0,0
Art_Howe_,1093,4,0.238095
Arturo_Gatti_,1447,2,0.119048
Arye_Mekel_,839,0,0
Asa_Hutchinson_,351,1,0.0595238
Ashanti_,895,0,0
Ashton_Kutcher_,1108,1,0.0595238
Atal_Bihari_Vajpayee_,1508,0,0
Augustin_Calleri_,1197,0,0
Augusto_Pinochet_,1277,0,0
Augusto_Roa_Bastos_,708,0,0
Aung_San_Suu_Kyi_,1111,0,0
Azra_Akin_,1374,1,0.0595238
Barbara_Brezigar_,514,2,0.119048
Barbara_Walters_,384,1,0.0595238
Barbra_Streisand_,813,0,0
Barrett_Jackman_,748,1,0.0595238
Barry_Alvarez_,998,1,0.0595238
Barry_Zito_,613,0,0
Bashar_Assad_,188,0,0
Begum_Khaleda_Zia_,1450,1,0.0595238
Ben_Affleck_,342,1,0.0595238
Ben_Curtis_,385,0,0
Ben_Glisan_,403,0,0
Ben_Howland_,492,0,0
Benazir_Bhutto_,1482,2,0.119048
Benjamin_Netanyahu_,1427,1,0.0595238
Bernard_Landry_,367,0,0
Bernard_Law_,463,0,0
Bernard_Lord_,239,1,0.0595238
Bernardo_Segura_,1639,4,0.238095
Bertie_Ahern_,313,1,0.0595238
Bertrand_Bonello_,1292,2,0.119048
Beth_Jones_,1566,1,0.0595238
Betsy_Smith_,633,0,0
Bijan_Darvish_,1413,2,0.119048
Bijan_Namdar_Zangeneh_,1454,2,0.119048
Biljana_Plavsic_,404,2,0.119048
Bill_Belichick_,154,0,0
Bill_Callahan_,596,0,0
Bill_Clinton_,1204,0,0
Bill_Frist_,516,1,0.0595238
Bill_Gates_,102,0,0
Bill_Graham_,119,2,0.119048
Bill_McBride_,872,2,0.119048
Bill_Nelson_,1539,2,0.119048
Bill_Parcells_,1147,3,0.178571
Bill_Paxton_,1180,2,0.119048
Bill_Simon_,563,0,0
Bill_Sizemore_,195,1,0.0595238
Billy_Crystal_,19,0,0
Billy_Graham_,561,0,0
Billy_Sollie_,532,0,0
Binyamin_Ben-Eliezer_,1373,2,0.119048
Blythe_Danner_,1112,0,0
Blythe_Hartley_,1488,2,0.119048
Bo_Pelini_,1041,0,0
Bo_Ryan_,976,2,0.119048
Bob_Beauprez_,1402,0,0
Bob_Colvin_,85,1,0.0595238
Bob_Dole_,1463,1,0.0595238
Bob_Geldof_,790,1,0.0595238
Bob_Graham_,1403,0,0
Bob_Hope_,40,6,0.357143
Bob_Huggins_,890,0,0
Bob_Stoops_,892,1,0.0595238
Bobby_Goldwater_,1127,0,0
Bobby_Robson_,1273,0,0
Bode_Miller_,518,0,0
Bono_,15,0,0
Boris_Becker_,1573,0,0
Boris_Berezovsky_,272,0,0
Boris_Yeltsin_,1283,3,0.178571
Brad_Garrett_,985,1,0.0595238
Brad_Johnson_,239,0,0
Branko_Crvenkovski_,1318,2,0.119048
Brendan_Hansen_,1661,0,0
Brian_Cowen_,3,2,0.119048
Brian_Griese_,1504,1,0.0595238
Brian_Heidik_,698,1,0.0595238
Brian_Mulroney_,245,1,0.0595238
Brian_Wells_,983,0,0
Bridget_Fonda_,603,1,0.0595238
Bridgette_Wilson-Sampras_,620,0,0
Brigitte_Boisselier_,48,0,0
Britney_Spears_,858,3,0.178571
Brooke_Shields_,734,0,0
Bruce_Springsteen_,413,0,0
Bruce_Van_De_Velde_,1550,0,0
Bruce_Weber_,550,1,0.0595238
Bud_Selig_,650,1,0.0595238
Bulent_Ecevit_,447,0,0
Butch_Davis_,735,1,0.0595238
Byron_Scott_,1660,0,0
Calista_Flockhart_,76,4,0.238095
Cameron_Diaz_,1351,1,0.0595238
Camilla_Parker_Bowles_,545,0,0
Candice_Bergen_,1301,0,0
Candie_Kung_,1607,2,0.119048
Carl_Reiner_,1452,1,0.0595238
Carla_Del_Ponte_,177,0,0
Carla_Myers_,190,0,0
Carlo_Ancelotti_,1627,4,0.238095
Carlos_Bianchi_,1431,1,0.0595238
Carlos_Ghosn_,642,2,0.119048
Carlos_Manuel_Pruneda_,430,0,0
Carlos_Menem_,559,1,0.0595238
Carlos_Mesa_,548,1,0.0595238
Carlos_Moya_,1339,1,0.0595238
Carlos_Ortega_,1132,2,0.119048
Carlos_Quintanilla_Schmidt_,1575,2,0.119048
Carlos_Ruiz_,1025,1,0.0595238
Carlos_Vives_,202,1,0.0595238
Carly_Fiorina_,373,0,0
Carmen_Electra_,1163,2,0.119048
Carol_Burnett_,571,0,0
Carol_Moseley_Braun_,1329,3,0.178571
Carolina_Kluft_,1274,0,0
Carolina_Moraes_,1484,3,0.178571
Caroline_Kennedy_,1223,1,0.0595238
Carolyn_Dawn_Johnson_,1314,0,0
Carrie-Anne_Moss_,720,1,0.0595238
Carson_Daly_,146,3,0.178571
Carson_Palmer_,719,1,0.0595238
Cate_Blanchett_,27,0,0
Catherine_Deneuve_,1092,1,0.0595238
Catherine_Zeta-Jones_,683,2,0.119048
Cathy_Freeman_,1393,1,0.0595238
Cecilia_Bolocco_,1331,0,0
Celine_Dion_,876,0,0
Celso_Amorim_,68,5,0.297619
Cesar_Gaviria_,958,0,0
Cesar_Maia_,1095,0,0
Chakib_Khelil_,36,0,0
Chan_Gailey_,1279,1,0.0595238
Chanda_Rubin_,1477,0,0
Chang_Dae-whan_,33,0,0
Charles_Bronson_,685,1,0.0595238
Charles_Grassley_,1251,1,0.0595238
Charles_Kartman_,763,0,0
Charles_Mathews_,558,1,0.0595238
Charles_Moose_,1638,8,0.47619
Charles_Schumer_,1126,1,0.0595238
Charles_Taylor_,1657,1,0.0595238
Charlie_Zaa_,1492,1,0.0595238
Charlotte_Rampling_,909,0,0
Charlton_Heston_,1233,1,0.0595238
Chen_Liang_Yu_,895,0,0
Chen_Shui-bian_,328,0,0
Cherie_Blair_,369,0,0
Chick_Hearn_,1268,2,0.119048
Chita_Rivera_,848,0,0
Choi_Sung-hong_,150,0,0
Chok_Tong_Goh_,348,0,0
Chris_Bell_,343,0,0
Chris_Byrd_,1603,0,0
Chris_Cooper_,105,2,0.119048
Chris_Rock_,1492,3,0.178571
Chris_Tucker_,1678,0,0
Christian_Fittipaldi_,1585,0,0
Christian_Longo_,1250,2,0.119048
Christian_Wulff_,5,7,0.416667
Christina_Aguilera_,265,0,0
Christine_Baumgartner_,677,1,0.0595238
Christine_Ebersole_,802,1,0.0595238
Christine_Gregoire_,79,1,0.0595238
Christine_Todd_Whitman_,405,1,0.0595238
Christopher_Patten_,1212,3,0.178571
Christopher_Reeve_,39,0,0
Christopher_Walken_,537,0,0
Chuck_Amato_,613,2,0.119048
Chuck_Yeager_,1332,1,0.0595238
Chung_Mong-hun_,1680,0,0
Chung_Mong-joon_,460,1,0.0595238
Cindy_Crawford_,1111,1,0.0595238
Cindy_Margolis_,1231,0,0
Ciro_Gomes_,1664,2,0.119048
Claire_Danes_,833,0,0
Claire_Hentzen_,1387,0,0
Claire_Leger_,274,1,0.0595238
Clara_Harris_,938,1,0.0595238
Clare_Short_,903,0,0
Claudia_Pechstein_,731,0,0
Claudia_Schiffer_,113,0,0
Clay_Aiken_,508,0,0
Clint_Eastwood_,424,0,0
Colin_Farrell_,204,0,0
Colin_Jackson_,1674,7,0.416667
Colin_Montgomerie_,1255,0,0
Colin_Powell_,880,1,0.0595238
Conan_OBrien_,441,1,0.0595238
Conchita_Martinez_,580,1,0.0595238
Condoleezza_Rice_,651,0,0
Constance_Marie_,1612,0,0
Coretta_Scott_King_,1367,2,0.119048
Corinne_Coman_,1046,1,0.0595238
Costas_Simitis_,708,2,0.119048
Courtney_Love_,198,0,0
Cristina_Fernandez_,314,0,0
Cristina_Saralegui_,187,0,0
Cruz_Bustamante_,956,2,0.119048
Cyndi_Thompson_,1126,1,0.0595238
Dai_Bachtiar_,1493,0,0
Daisy_Fuentes_,933,0,0
Dalai_Lama_,774,0,0
Dale_Earnhardt_Jr_,394,1,0.0595238
Damon_van_Dam_,182,3,0.178571
Dan_Morales_,685,1,0.0595238
Dan_Wheldon_,1511,1,0.0595238
Daniel_Day-Lewis_,170,0,0
Daniel_Radcliffe_,714,2,0.119048
Daniela_Hantuchova_,781,0,0
Darrell_Issa_,229,0,0
Darrell_Porter_,1588,1,0.0595238
Darren_Clarke_,1156,3,0.178571
Daryl_Hannah_,1435,2,0.119048
Dave_Campo_,362,2,0.119048
David_Anderson_,1518,0,0
David_Beckham_,836,4,0.238095
David_Bell_,1267,1,0.0595238
David_Caraway_,1044,2,0.119048
David_Caruso_,30,0,0
David_Coulthard_,830,0,0
David_Dodge_,315,0,0
David_Heyman_,832,2,0.119048
David_Heymann_,392,0,0
David_Hyde_Pierce_,867,0,0
David_Kelley_,1122,1,0.0595238
David_Leahy_,1267,1,0.0595238
David_Myers_,1027,0,0
David_Nalbandian_,1130,0,0
David_Spade_,414,1,0.0595238
David_Stern_,762,0,0
David_Trimble_,376,1,0.0595238
David_Wells_,702,1,0.0595238
David_Wolf_,684,0,0
Dean_Barkley_,837,1,0.0595238
Debbie_Reynolds_,152,0,0
Debra_Brown_,237,0,0
Debra_Messing_,249,0,0
Demetrius_Ferraciu_,1319,0,0
Demi_Moore_,853,0,0
Denise_Johnson_,1635,0,0
Dennis_Erickson_,1002,0,0
Dennis_Hastert_,1187,0,0
Dennis_Kozlowski_,23,0,0
Dennis_Kucinich_,155,0,0
Dennis_Powell_,651,0,0
Denzel_Washington_,1225,0,0
Derek_Jeter_,750,0,0
Derek_Lowe_,1344,1,0.0595238
Desiree_Lemosi_,482,0,0
Dexter_Jackson_,1515,6,0.357143
Diana_Krall_,1109,2,0.119048
Diana_Munz_,649,5,0.297619
Diana_Taurasi_,1539,1,0.0595238
Diane_Green_,125,3,0.178571
Dianne_Feinstein_,586,2,0.119048
Dick_Cheney_,37,1,0.0595238
Dick_Clark_,168,0,0
Dick_Latessa_,114,0,0
Dick_Vermeil_,1650,2,0.119048
Dino_de_Laurentis_,538,0,0
Dolly_Parton_,1455,1,0.0595238
Dolma_Tsering_,169,0,0
Dominik_Garcia-Lorido_,877,0,0
Dominique_de_Villepin_,1562,2,0.119048
Don_Nickles_,202,1,0.0595238
Don_Siegelman_,1245,1,0.0595238
Donald_Evans_,881,0,0
Donald_Fehr_,1332,2,0.119048
Donald_Pettit_,1136,1,0.0595238
Donald_Rumsfeld_,27,1,0.0595238
Donatella_Versace_,1476,1,0.0595238
Donna_Shalala_,1215,0,0
Doris_Roberts_,138,0,0
Doris_Schroeder_,798,2,0.119048
Dorthy_Moxley_,343,1,0.0595238
Doug_Collins_,1031,0,0
Doug_Duncan_,1315,0,0
Doug_Melvin_,855,0,0
Drew_Barrymore_,551,0,0
Duane_Lee_Chapman_,133,0,0
Dwayne_Johnson_,1621,0,0
Ed_Rosenthal_,722,0,0
Ed_Smart_,607,0,0
Eddie_Sutton_,407,0,0
Eddy_Merckx_,529,1,0.0595238
Edie_Falco_,376,0,0
Edmund_Hillary_,287,0,0
Edmund_Stoiber_,577,0,0
Eduard_Shevardnadze_,756,1,0.0595238
Eduardo_Duhalde_,624,2,0.119048
Edward_James_Olmos_,235,1,0.0595238
Edward_Kennedy_,402,1,0.0595238
Edward_Lu_,172,0,0
Edward_Norton_,59,1,0.0595238
Edward_Said_,1024,0,0
Edwin_Edwards_,911,0,0
Edwina_Currie_,140,0,0
Eileen_Coparropa_,1292,0,0
Elena_Bovina_,471,3,0.178571
Eliane_Karp_,729,3,0.178571
Elijah_Wood_,395,2,0.119048
Elin_Nordegren_,128,0,0
Elinor_Caplan_,727,0,0
Elisabeth_Schumacher_,68,2,0.119048
Elizabeth_Dole_,980,1,0.0595238
Elizabeth_Hurley_,1169,0,0
Elizabeth_Shue_,54,1,0.0595238
Elizabeth_Smart_,259,0,0
Elizabeth_Taylor_,63,1,0.0595238
Ellen_DeGeneres_,295,0,0
Ellen_Engleman_,1000,0,0
Elsa_Zylberstein_,1502,1,0.0595238
Elton_John_,885,2,0.119048
Elvis_Presley_,16,2,0.119048
Emanuel_Ginobili_,823,1,0.0595238
Emile_Lahoud_,119,0,0
Emily_Robison_,872,2,0.119048
Emma_Thompson_,319,0,0
Emma_Watson_,231,2,0.119048
Emmanuelle_Beart_,672,0,0
Emmit_Smith_,1622,3,0.178571
Enrique_Bolanos_,1473,2,0.119048
Eric_Clapton_,109,2,0.119048
Eric_Hinske_,1547,1,0.0595238
Eric_Robert_Rudolph_,738,1,0.0595238
Eric_Rosser_,731,0,0
Erik_Morales_,1065,1,0.0595238
Erika_Christensen_,340,1,0.0595238
Erika_Harold_,1086,1,0.0595238
Erin_Runnion_,1424,0,0
Ernesto_Zedillo_,217,1,0.0595238
Ernie_Els_,402,2,0.119048
Ernie_Eves_,343,0,0
Ernie_Fletcher_,1161,3,0.178571
Ethan_Hawke_,505,0,0
Eunice_Barber_,1679,2,0.119048
Eva_Dimas_,1319,1,0.0595238
Evan_Rachel_Wood_,417,0,0
Evander_Holyfield_,1185,1,0.0595238
Eve_Pelletier_,924,3,0.178571
Fabiola_Zuluaga_,1521,1,0.0595238
Fabrice_Santoro_,1475,1,0.0595238
Farouk_al-Sharaa_,1035,2,0.119048
Faye_Dunaway_,612,0,0
Fayssal_Mekdad_,1598,8,0.47619
Federico_Trillo_,590,1,0.0595238
Felipe_Perez_Roque_,963,0,0
Felix_Mantilla_,1473,3,0.178571
Ferenc_Madl_,44,1,0.0595238
Fernando_Gonzalez_,1537,1,0.0595238
Fernando_Henrique_Cardoso_,706,0,0
Fernando_Vargas_,1436,0,0
Fidel_Castro_,988,1,0.0595238
Filippo_Inzaghi_,1658,1,0.0595238
Flavia_Delaroli_,1120,0,0
Flor_Montulo_,1235,1,0.0595238
Fran_Drescher_,1095,1,0.0595238
Frances_Fisher_,217,0,0
Francis_Ford_Coppola_,277,0,0
Francis_George_,738,1,0.0595238
Francis_Mer_,469,1,0.0595238
Francisco_Flores_,1651,0,0
Franco_Dragone_,1387,0,0
Frank_Cassell_,645,0,0
Frank_Dunham_Jr_,462,1,0.0595238
Frank_Griswold_,1160,0,0
Frank_Lautenberg_,244,1,0.0595238
Frank_Solich_,20,0,0
Frank_Stallone_,260,0,0
Franko_Simatovic_,1385,1,0.0595238
Franz_Beckenbauer_,1540,0,0
Franz_Fischler_,321,1,0.0595238
Franz_Muentefering_,11,0,0
Fred_Eckhard_,278,1,0.0595238
Fred_Funk_,1455,0,0
Fred_Thompson_,1634,1,0.0595238
Freddy_Garcia_,364,1,0.0595238
Fujio_Cho_,663,0,0
GL_Peiris_,274,0,0
Gabriel_Batistuta_,1593,6,0.357143
Gabriel_Valdes_,740,0,0
Gao_Qiang_,1170,2,0.119048
Garry_Kasparov_,664,1,0.0595238
Garry_Trudeau_,1160,1,0.0595238
Gary_Bergeron_,223,0,0
Gary_Carter_,1062,0,0
Gary_Doer_,1525,0,0
Gary_Forsee_,543,1,0.0595238
Gary_Locke_,1288,1,0.0595238
Gary_Williams_,627,0,0
Gary_Winnick_,971,0,0
Gene_Robinson_,821,2,0.119048
Geno_Auriemma_,645,0,0
Geoff_Hoon_,792,0,0
George_Brumley_,1048,0,0
George_Clooney_,37,0,0
George_Foreman_,1638,0,0
George_Galloway_,261,1,0.0595238
George_HW_Bush_,1,0,0
George_Karl_,445,1,0.0595238
George_Lopez_,1634,0,0
George_P_Bush_,247,6,0.357143
George_Papandreou_,1602,2,0.119048
George_Pataki_,757,1,0.0595238
George_Robertson_,36,0,0
George_Roy_Hill_,1647,0,0
George_Ryan_,91,0,0
George_Tenet_,1388,0,0
George_Voinovich_,1475,0,0
George_W_Bush_,896,1,0.0595238
Georgi_Parvanov_,1060,1,0.0595238
Geraldine_Chaplin_,1214,3,0.178571
Gerard_Depardieu_,784,1,0.0595238
Gerardo_Gambala_,1554,1,0.0595238
Gerhard_Schroeder_,294,0,0
Gerry_Adams_,1242,0,0
Gerry_Parsky_,1408,4,0.238095
Gian_Marco_,1172,1,0.0595238
Gianna_Angelopoulos-Daskalaki_,486,0,0
Gil_de_Ferran_,1635,1,0.0595238
Gilberto_Rodriguez_Orejuela_,1426,2,0.119048
Gillian_Anderson_,6,1,0.0595238
Gisele_Bundchen_,1593,2,0.119048
Giuseppe_Gibilisco_,381,0,0
Glafcos_Clerides_,725,2,0.119048
Gloria_Allred_,479,0,0
Gloria_Macapagal_Arroyo_,217,1,0.0595238
Gloria_Trevi_,671,0,0
Goh_Kun_,169,2,0.119048
Goldie_Hawn_,294,1,0.0595238
Gonzalo_Sanchez_de_Lozada_,44,0,0
Goran_Persson_,1036,0,0
Gordon_Brown_,509,1,0.0595238
Gordon_Campbell_,388,0,0
Grady_Irvin_Jr_,1617,1,0.0595238
Grant_Hackett_,1033,0,0
Gray_Davis_,656,0,0
Greg_Gilbert_,1302,1,0.0595238
Greg_Ostertag_,226,0,0
Greg_Owen_,844,0,0
Greg_Rusedski_,1399,2,0.119048
Gregg_Popovich_,1437,0,0
Gregory_Geoffroy_,777,1,0.0595238
Gregory_Hines_,1472,3,0.178571
Gro_Harlem_Brundtland_,196,0,0
Guido_Westerwelle_,158,1,0.0595238
Guillaume_Soro_,1679,0,0
Guillermo_Canas_,878,1,0.0595238
Guillermo_Coria_,1667,4,0.238095
Guillermo_Ortiz_,1586,1,0.0595238
Gunter_Pleuger_,939,0,0
Gus_Van_Sant_,435,2,0.119048
Gustavo_Kuerten_,897,2,0.119048
Guy_Hemmings_,588,1,0.0595238
Guy_Ritchie_,770,0,0
Gwendal_Peizerat_,1253,1,0.0595238
Gwyneth_Paltrow_,67,0,0
Habib_Rizieq_,1529,1,0.0595238
Hal_Gehman_,1298,0,0
Hal_Sutton_,482,1,0.0595238
Halle_Berry_,543,1,0.0595238
Hamid_Karzai_,1353,2,0.119048
Hamzah_Haz_,547,1,0.0595238
Hanan_Ashrawi_,280,1,0.0595238
Hannah_Stockbauer_,1095,0,0
Hans_Blix_,356,1,0.0595238
Hans_Eichel_,792,1,0.0595238
Harbhajan_Singh_,1605,0,0
Harrison_Ford_,186,0,0
Harry_Belafonte_,1656,1,0.0595238
Harry_Kalas_,1330,2,0.119048
Harry_Schmidt_,208,0,0
Harvey_Weinstein_,133,1,0.0595238
Hashim_Thaci_,1164,0,0
Hassan_Nasrallah_,1493,1,0.0595238
Hassan_Wirajuda_,92,0,0
Hayley_Tullett_,1452,0,0
Heath_Ledger_,19,0,0
Heather_Mills_,48,1,0.0595238
Hector_Babenco_,1099,0,0
Hee-Won_Han_,1483,3,0.178571
Heidi_Fleiss_,1652,2,0.119048
Heidi_Klum_,31,0,0
Heinz_Feldmann_,1070,2,0.119048
Heizo_Takenaka_,1065,2,0.119048
Helen_Clark_,694,1,0.0595238
Henrique_Meirelles_,779,1,0.0595238
Herb_Sendek_,1028,1,0.0595238
Hermann_Maier_,178,0,0
Herta_Daeubler-Gmelin_,31,0,0
Hichiro_Naemura_,1009,4,0.238095
Hideki_Matsui_,1120,1,0.0595238
Hilary_Duff_,1036,1,0.0595238
Hillary_Clinton_,7,0,0
Hilmi_Ozkok_,263,0,0
Hipolito_Mejia_,1579,1,0.0595238
Hisao_Oguchi_,1109,1,0.0595238
Hitomi_Soga_,396,0,0
Holly_Hunter_,709,1,0.0595238
Hootie_Johnson_,696,0,0
Horst_Koehler_,701,1,0.0595238
Hosni_Mubarak_,847,1,0.0595238
Howard_Dean_,682,1,0.0595238
Howard_Schultz_,1341,0,0
Howard_Smith_,1021,1,0.0595238
Hu_Jintao_,163,0,0
Hugh_Grant_,714,1,0.0595238
Hugo_Chavez_,884,3,0.178571
Hun_Sen_,628,2,0.119048
Iain_Duncan_Smith_,1329,2,0.119048
Ian_McKellen_,470,5,0.297619
Ian_Thorpe_,112,0,0
Iban_Mayo_,981,1,0.0595238
Ibrahim_Jaafari_,454,0,0
Igor_Ivanov_,222,0,0
Ilan_Ramon_,720,0,0
Imad_Moustapha_,1379,3,0.178571
Inam-ul-Haq_,60,4,0.238095
Inocencio_Arias_,1180,1,0.0595238
Intisar_Ajouri_,1368,0,0
Isabella_Rossellini_,155,0,0
Isabelle_Huppert_,996,1,0.0595238
Isaiah_Washington_,1672,19,1.13095
Ishaq_Shahryar_,605,2,0.119048
Ismail_Merchant_,1203,0,0
Iva_Majoli_,1517,3,0.178571
JJ_Redick_,1531,1,0.0595238
JK_Rowling_,5,46,2.7381
Jack_Grubman_,787,0,0
Jack_Nicholson_,1202,2,0.119048
Jack_Straw_,693,2,0.119048
Jackie_Chan_,1311,2,0.119048
Jacqueline_Obradors_,462,0,0
Jacques_Chirac_,1335,0,0
Jacques_Rogge_,982,0,0
Jada_Pinkett_Smith_,1410,0,0
Jake_Gyllenhaal_,323,0,0
James_Blake_,519,1,0.0595238
James_Butts_,843,1,0.0595238
James_Caan_,195,0,0
James_Cameron_,1457,1,0.0595238
James_Cunningham_,424,0,0
James_Franco_,147,0,0
James_Gandolfini_,1587,1,0.0595238
James_Ivory_,452,1,0.0595238
James_Jones_,417,0,0
James_Kelly_,130,2,0.119048
James_Kopp_,810,2,0.119048
James_Maguire_,517,1,0.0595238
James_McGreevey_,1522,2,0.119048
James_Morris_,510,1,0.0595238
James_Parker_,1295,1,0.0595238
James_Schultz_,579,1,0.0595238
James_Smith_,144,2,0.119048
James_Traficant_,1322,5,0.297619
James_Wolfensohn_,600,6,0.357143
Jamie_Villafane_,228,5,0.297619
Jamling_Norgay_,590,0,0
Jan-Michael_Gambill_,1056,0,0
Jan_Ullrich_,107,1,0.0595238
Jane_Fonda_,1141,2,0.119048
Jane_Kaczmarek_,1592,3,0.178571
Jane_Pauley_,633,2,0.119048
Janet_Napolitano_,1263,0,0
Janet_Thorpe_,727,1,0.0595238
Janica_Kostelic_,1295,2,0.119048
Jason_Alexander_,661,2,0.119048
Jason_Jennings_,927,1,0.0595238
Jason_Kidd_,684,2,0.119048
Jason_Lezak_,1147,1,0.0595238
Javier_Solana_,23,2,0.119048
Javier_Weber_,1630,2,0.119048
Jay_Garner_,929,0,0
Jay_Leno_,1186,3,0.178571
Jay_Rasulo_,1070,1,0.0595238
Jayson_Williams_,780,2,0.119048
Jean-Claude_Braquet_,57,0,0
Jean-Claude_Juncker_,1130,0,0
Jean-Claude_Trichet_,525,0,0
Jean-David_Levitte_,1259,1,0.0595238
Jean-Francois_Pontal_,313,0,0
Jean-Marc_de_La_Sabliere_,704,0,0
Jean-Pierre_Raffarin_,1025,0,0
Jean-Sebastien_Giguere_,104,1,0.0595238
Jean_Brumley_,1167,1,0.0595238
Jean_Carnahan_,368,0,0
Jean_Charest_,501,0,0
Jean_Chretien_,1680,0,0
Jeanne_Moreau_,13,0,0
Jeb_Bush_,1335,0,0
Jeff_Van_Gundy_,990,0,0
Jefferson_Perez_,1533,3,0.178571
Jeffrey_Archer_,508,0,0
Jeffrey_Immelt_,1571,2,0.119048
Jeffrey_Jones_,788,1,0.0595238
Jeffrey_Scott_Postell_,1303,1,0.0595238
Jelena_Dokic_,1417,6,0.357143
Jennifer_Aniston_,1444,2,0.119048
Jennifer_Capriati_,627,1,0.0595238
Jennifer_Connelly_,696,3,0.178571
Jennifer_Garner_,962,0,0
Jennifer_Keller_,185,1,0.0595238
Jennifer_Lopez_,1406,5,0.297619
Jennifer_Reilly_,776,0,0
Jennifer_Rodriguez_,637,1,0.0595238
Jennifer_Thompson_,727,0,0
Jeong_Se-hyun_,1245,0,0
Jeremy_Greenstock_,954,0,0
Jeremy_Shockey_,426,0,0
Jerry_Falwell_,134,0,0
Jerry_Regier_,270,0,0
Jerry_Springer_,615,2,0.119048
Jesse_Harris_,943,1,0.0595238
Jesse_Jackson_,440,0,0
Jesse_James_Leija_,1299,4,0.238095
Jesse_Ventura_,379,0,0
Jessica_Alba_,142,1,0.0595238
Jessica_Lange_,91,0,0
Jessica_Lynch_,15,0,0
Jia_Qinglin_,420,0,0
Jiang_Zemin_,894,1,0.0595238
Jim_Carrey_,573,1,0.0595238
Jim_Edmonds_,1257,1,0.0595238
Jim_Furyk_,1510,0,0
Jim_Hahn_,14,0,0
Jim_Harrick_,1097,0,0
Jim_OBrien_,1558,1,0.0595238
Jim_Tressel_,717,1,0.0595238
Jimmy_Carter_,252,0,0
Jimmy_Kimmel_,276,1,0.0595238
Jiri_Novak_,1270,1,0.0595238
Jo_Dee_Messina_,1536,3,0.178571
Joan_Claybrook_,584,1,0.0595238
Joan_Laporta_,1334,0,0
Job_Cohen_,816,0,0
Jodie_Foster_,725,0,0
Joe_Calzaghe_,1668,1,0.0595238
Joe_Dumars_,1677,3,0.178571
Joe_Gatti_,321,0,0
Joe_Lieberman_,605,0,0
Joe_Mantello_,1304,0,0
Joe_Nichols_,1397,1,0.0595238
Joe_Torre_,804,1,0.0595238
Joerg_Haider_,396,3,0.178571
John_Abizaid_,764,3,0.178571
John_Allen_Muhammad_,1658,5,0.297619
John_Ashcroft_,758,2,0.119048
John_Banko_,1103,1,0.0595238
John_Blaney_,197,0,0
John_Bolton_,346,0,0
John_Brady_,1599,1,0.0595238
John_Cusack_,989,1,0.0595238
John_Edwards_,652,0,0
John_F_Kennedy_Jr_,920,0,0
John_Garamendi_,607,2,0.119048
John_Howard_,1261,2,0.119048
John_Jumper_,1315,2,0.119048
John_Kerry_,588,1,0.0595238
John_Malkovich_,55,1,0.0595238
John_Manley_,401,1,0.0595238
John_Mayer_,557,5,0.297619
John_McCain_,41,0,0
John_McCallum_,772,2,0.119048
John_McCormack_,384,1,0.0595238
John_McEnroe_,1232,3,0.178571
John_Negroponte_,1021,0,0
John_Paul_II_,1069,2,0.119048
John_Reid_,153,0,0
John_Reilly_,321,0,0
John_Rigas_,1580,0,0
John_Rosa_,1429,3,0.178571
John_Rowland_,124,0,0
John_Ruiz_,642,0,0
John_Snow_,1047,2,0.119048
John_Spencer_,753,0,0
John_Stallworth_,1593,0,0
John_Stockton_,962,0,0
John_Swofford_,585,1,0.0595238
John_Taylor_,143,0,0
John_Timoney_,471,1,0.0595238
John_Travolta_,776,1,0.0595238
John_Walsh_,475,1,0.0595238
John_Warner_,106,0,0
John_Wolf_,137,2,0.119048
Johnny_Carson_,162,1,0.0595238
Johnny_Depp_,1215,1,0.0595238
Johnny_Tapia_,461,2,0.119048
Johnny_Unitas_,257,0,0
Johnson_Panjaitan_,933,0,0
Jolanta_Kwasniewski_,581,0,0
Jon_Corzine_,1540,0,0
Jon_Gruden_,1383,0,0
Jon_Voight_,311,0,0
Jonathan_Edwards_,1490,2,0.119048
Jonathan_Mostow_,575,1,0.0595238
Jong_Thae_Hwa_,1657,3,0.178571
Jong_Wook_Lee_,575,0,0
Jorge_Arce_,1161,2,0.119048
Jorge_Batlle_,1199,0,0
Jorge_Castaneda_,249,2,0.119048
Jorge_Rodolfo_Canicoba_Corral_,228,2,0.119048
Jorge_Valdano_,386,1,0.0595238
Joschka_Fischer_,287,0,0
Jose_Canseco_,802,1,0.0595238
Jose_Dirceu_,1114,1,0.0595238
Jose_Manuel_Durao_Barroso_,206,0,0
Jose_Maria_Aznar_,1208,1,0.0595238
Jose_Mourinho_,1130,0,0
Jose_Sarney_,677,1,0.0595238
Jose_Serra_,1424,3,0.178571
Jose_Theodore_,622,2,0.119048
Jose_Viegas_Filho_,1552,0,0
Joseph_Biden_,957,2,0.119048
Joseph_Blatter_,142,1,0.0595238
Joseph_Deiss_,1470,0,0
Joseph_Estrada_,1072,0,0
Joseph_Ralston_,62,1,0.0595238
Juan_Carlos_Ferrero_,1494,1,0.0595238
Juan_Ignacio_Chela_,1526,2,0.119048
Juan_Manuel_Marquez_,509,0,0
Juan_Pablo_Montoya_,1605,4,0.238095
Juan_Valencia_Osorio_,1446,1,0.0595238
Juanes_,928,1,0.0595238
Jude_Law_,302,1,0.0595238
Judi_Dench_,286,1,0.0595238
Judy_Genshaft_,1146,2,0.119048
Juergen_Peters_,1602,3,0.178571
Julia_Tymoshenko_,18,2,0.119048
Julianna_Margulies_,935,2,0.119048
Julianne_Moore_,869,2,0.119048
Julie_Gerberding_,1273,1,0.0595238
Julie_Taymor_,560,0,0
Julio_Iglesias_Jr_,11,0,0
Junichiro_Koizumi_,183,1,0.0595238
Justin_Gatlin_,1653,3,0.178571
Justin_Guarini_,649,0,0
Justin_Leonard_,860,1,0.0595238
Justin_Timberlake_,181,0,0
Justine_Henin_,353,1,0.0595238
Justine_Pasek_,641,0,0
Kalpana_Chawla_,707,1,0.0595238
Kamal_Kharrazi_,824,2,0.119048
Karen_Mok_,826,1,0.0595238
Karin_Stoiber_,1526,1,0.0595238
Kate_Capshaw_,119,0,0
Kate_Hudson_,495,0,0
Kate_Winslet_,53,0,0
Katherine_Harris_,835,0,0
Kathleen_Glynn_,700,2,0.119048
Kathleen_Kennedy_Townsend_,599,2,0.119048
Kathryn_Bigelow_,121,0,0
Kathy_Winters_,188,2,0.119048
Katie_Harman_,37,0,0
Keanu_Reeves_,1367,2,0.119048
Keira_Knightley_,506,2,0.119048
Keith_Bogans_,1667,3,0.178571
Kelli_White_,1620,2,0.119048
Kelly_Clarkson_,600,0,0
Kelvin_Sampson_,1494,1,0.0595238
Kemal_Dervis_,938,0,0
Ken_Macha_,253,1,0.0595238
Ken_Watanabe_,142,2,0.119048
Kenneth_Bowersox_,1095,0,0
Kenneth_Branagh_,52,3,0.178571
Kenneth_Evans_,478,2,0.119048
Kent_Rominger_,910,1,0.0595238
Kevin_Costner_,1077,1,0.0595238
Kevin_Spacey_,432,0,0
Kevin_Stallings_,1361,0,0
Kieran_Prendergast_,1372,2,0.119048
Kifah_Ajouri_,1551,2,0.119048
Kiki_Vandeweghe_,507,1,0.0595238
Kim_Clijsters_,105,0,0
Kim_Dae-jung_,194,0,0
Kim_Jin-sun_,1141,1,0.0595238
Kim_Jong-Il_,164,1,0.0595238
Kim_Ryong-sung_,939,2,0.119048
Kim_Yong-il_,614,1,0.0595238
Kimi_Raikkonen_,794,1,0.0595238
King_Abdullah_II_,760,0,0
Kirk_Ferentz_,1504,2,0.119048
Kirk_Johnson_,1328,1,0.0595238
Kjell_Magne_Bondevik_,1017,1,0.0595238
Klaus_Zwickel_,666,2,0.119048
Kobe_Bryant_,1639,6,0.357143
Kofi_Annan_,1657,2,0.119048
Kosuke_Kitajima_,1221,1,0.0595238
Kristanna_Loken_,165,1,0.0595238
Kristen_Breitweiser_,386,1,0.0595238
Kristin_Davis_,427,1,0.0595238
Kurt_Busch_,1647,0,0
Kurt_Russell_,550,0,0
Kurt_Warner_,1113,1,0.0595238
Kwon_Yang-sook_,168,0,0
LK_Advani_,573,0,0
Laila_Ali_,1055,1,0.0595238
Lana_Clarkson_,32,1,0.0595238
Lance_Armstrong_,1218,0,0
Lance_Bass_,454,0,0
Larry_Bowa_,1439,1,0.0595238
Larry_Brown_,1428,0,0
Larry_Coker_,925,0,0
Larry_Ellison_,1347,0,0
Larry_Johnson_,907,0,0
Larry_Lindsey_,860,2,0.119048
Larry_Lucchino_,431,0,0
Larry_Thompson_,1634,2,0.119048
Lars_Von_Trier_,90,0,0
Latrell_Sprewell_,1616,3,0.178571
Laura_Bush_,365,0,0
Laura_Hernandez_,1182,2,0.119048
Laura_Linney_,144,0,0
Lauren_Hutton_,436,1,0.0595238
Lauren_Killian_,865,1,0.0595238
Laurent_Gbagbo_,1491,0,0
Laurent_Jalabert_,1630,3,0.178571
Lawrence_MacAulay_,1475,1,0.0595238
LeAnn_Rimes_,322,1,0.0595238
LeBron_James_,1646,0,0
Lea_Fastow_,428,0,0
Leander_Paes_,1608,0,0
Lech_Walesa_,51,1,0.0595238
Lee_Hoi-chang_,189,1,0.0595238
Lee_Jun_,68,0,0
Lee_Soo-hyuck_,1575,1,0.0595238
Lee_Tae-sik_,98,0,0
Leland_Chapman_,1636,2,0.119048
Len_Jenoff_,963,0,0
Lennox_Lewis_,1210,2,0.119048
Lenny_Wilkens_,945,1,0.0595238
Leon_LaPorte_,331,1,0.0595238
Leonard_Hamilton_,1576,1,0.0595238
Leonardo_DiCaprio_,685,1,0.0595238
Leonid_Kuchma_,494,2,0.119048
Lesley_McCulloch_,1060,1,0.0595238
Leslie_Ann_Woodward_,85,0,0
Leslie_Caldwell_,1050,2,0.119048
Leslie_Moonves_,135,0,0
Leszek_Miller_,131,1,0.0595238
Li_Peng_,1256,0,0
Li_Zhaoxing_,785,2,0.119048
Liam_Neeson_,1089,1,0.0595238
Lili_Taylor_,350,0,0
Lily_Tomlin_,230,0,0
Lim_Dong-won_,478,1,0.0595238
Lina_Krasnoroutskaya_,1640,3,0.178571
Lindsay_Benko_,135,1,0.0595238
Lindsay_Davenport_,1558,1,0.0595238
Lindsey_Graham_,648,1,0.0595238
Lino_Oviedo_,1062,3,0.178571
Lionel_Richie_,1561,3,0.178571
Lisa_Gottsegen_,959,1,0.0595238
Lisa_Ling_,697,1,0.0595238
Lisa_Marie_Presley_,537,0,0
Lisa_Raymond_,1272,2,0.119048
Liu_Mingkang_,580,1,0.0595238
Liza_Minnelli_,744,1,0.0595238
Lleyton_Hewitt_,1574,3,0.178571
Lloyd_Ward_,1073,2,0.119048
Lon_Kruger_,1488,0,0
Lord_Hutton_,113,0,0
Lou_Piniella_,1375,1,0.0595238
Luciano_Pavarotti_,899,2,0.119048
Lucio_Gutierrez_,1499,0,0
Lucy_Liu_,554,0,0
Ludivine_Sagnier_,466,1,0.0595238
Luis_Ernesto_Derbez_Bautista_,1232,0,0
Luis_Figo_,1649,2,0.119048
Luis_Gonzalez_Macchi_,1096,0,0
Luis_Horna_,1569,0,0
Luiz_Felipe_Scolari_,1414,2,0.119048
Luiz_Inacio_Lula_da_Silva_,1075,0,0
Luke_Walton_,1384,2,0.119048
Lyle_Vanclief_,205,2,0.119048
Lynn_Abraham_,422,1,0.0595238
Lynn_Redgrave_,18,0,0
Lynne_Cheney_,1057,0,0
Mack_Brown_,189,0,0
Madeleine_Albright_,324,1,0.0595238
Madonna_,225,1,0.0595238
Magdalena_Maleeva_,1405,2,0.119048
Maggie_Smith_,72,0,0
Magui_Serna_,1138,0,0
Mahathir_Mohamad_,855,0,0
Mahmoud_Abbas_,279,0,0
Makhdoom_Amin_Fahim_,1519,1,0.0595238
Manfred_Stolpe_,1181,1,0.0595238
Manuel_Poggiali_,1285,2,0.119048
Marat_Safin_,1041,0,0
Marc-Andre_Fleury_,505,0,0
Marc_Grossman_,185,0,0
Marcelo_Ebrard_,449,2,0.119048
Marcelo_Rios_,1426,0,0
Marcelo_Salas_,1236,1,0.0595238
Marco_Antonio_Barrera_,522,1,0.0595238
Marcus_Gronholm_,25,0,0
Margaret_Thatcher_,1,0,0
Maria_Luisa_Mendonca_,271,1,0.0595238
Maria_Shriver_,297,0,0
Maria_Soledad_Alvear_Valenzuela_,108,0,0
Mariah_Carey_,527,1,0.0595238
Mariana_Pollack_,69,0,0
Mariangel_Ruiz_Torrealba_,197,2,0.119048
Marie-Reine_Le_Gougne_,608,1,0.0595238
Marieta_Chrousala_,572,0,0
Marilyn_Monroe_,534,1,0.0595238
Marina_Anissina_,738,1,0.0595238
Mario_Cipollini_,1534,3,0.178571
Mario_Dumont_,252,0,0
Mario_Kreutzberger_,1376,0,0
Marisa_Tomei_,569,1,0.0595238
Marissa_Jaret_Winokur_,300,0,0
Mark_Cuban_,1058,3,0.178571
Mark_Dacey_,244,5,0.297619
Mark_Geragos_,506,0,0
Mark_Gottfried_,391,0,0
Mark_Hamister_,881,1,0.0595238
Mark_Heller_,1367,4,0.238095
Mark_Hurlbert_,997,1,0.0595238
Mark_Philippoussis_,1460,2,0.119048
Mark_Richt_,1514,2,0.119048
Mark_Schweiker_,1320,2,0.119048
Mark_Wahlberg_,568,1,0.0595238
Mark_Warner_,1043,2,0.119048
Markus_Naslund_,967,1,0.0595238
Marlene_Weingartner_,1345,1,0.0595238
Martha_Beatriz_Roque_,1629,0,0
Martha_Bowen_,1167,0,0
Martha_Burk_,1276,1,0.0595238
Martha_Lucia_Ramirez_,1196,0,0
Martha_Stewart_,22,0,0
Martin_Brodeur_,59,0,0
Martin_Cauchon_,1268,0,0
Martin_Hoellwarth_,343,0,0
Martin_McCauley_,579,0,0
Martin_McGuinness_,365,1,0.0595238
Martin_Scorsese_,783,1,0.0595238
Martin_Sheen_,49,1,0.0595238
Martin_Verkerk_,1492,1,0.0595238
Martina_Hingis_,630,1,0.0595238
Martina_McBride_,1241,4,0.238095
Marty_Mornhinweg_,152,0,0
Marwan_Barghouthi_,1609,2,0.119048
Mary-Kate_Olsen_,28,0,0
Mary_Carey_,886,0,0
Mary_Landrieu_,309,2,0.119048
Mary_Steenburgen_,614,1,0.0595238
Mary_Tyler_Moore_,1306,2,0.119048
Masahiko_Nagasawa_,953,1,0.0595238
Masum_Turker_,626,0,0
Mathias_Reichhold_,552,0,0
Matt_Damon_,283,1,0.0595238
Matt_Dillon_,1040,1,0.0595238
Matt_Doherty_,1386,1,0.0595238
Matthew_Broderick_,1543,1,0.0595238
Matthew_Perry_,484,1,0.0595238
Maureen_Fanning_,95,0,0
Max_Mayfield_,1296,0,0
Megan_Mullally_,467,0,0
Megawati_Sukarnoputri_,857,1,0.0595238
Meghann_Shaughnessy_,1546,0,0
Mel_Brooks_,254,0,0
Mel_Gibson_,257,0,0
Melanie_Griffith_,1468,0,0
Melissa_Etheridge_,188,1,0.0595238
Meryl_Streep_,8,0,0
Mesut_Yilmaz_,1599,2,0.119048
Mian_Khursheed_Mehmood_Kasuri_,1643,4,0.238095
Michael_Ballack_,1045,1,0.0595238
Michael_Bloomberg_,69,1,0.0595238
Michael_Caine_,187,0,0
Michael_Capellas_,796,1,0.0595238
Michael_Chang_,689,1,0.0595238
Michael_Chiklis_,643,0,0
Michael_Douglas_,264,1,0.0595238
Michael_J_Sheehan_,219,0,0
Michael_Jackson_,5,2,0.119048
Michael_Jordan_,1511,4,0.238095
Michael_Keaton_,1564,0,0
Michael_Kostelnik_,125,0,0
Michael_Leavitt_,1203,3,0.178571
Michael_Moore_,765,1,0.0595238
Michael_Patrick_King_,566,0,0
Michael_Phelps_,530,4,0.238095
Michael_Powell_,742,0,0
Michael_Schumacher_,1408,0,0
Michael_Sullivan_,211,3,0.178571
Michael_Winterbottom_,5,1,0.0595238
Michel_Duclos_,80,0,0
Michel_Temer_,615,0,0
Michel_Therrien_,795,0,0
Michelle_Branch_,363,0,0
Michelle_Collins_,1509,1,0.0595238
Michelle_Kwan_,1090,1,0.0595238
Michelle_Pfeiffer_,986,1,0.0595238
Michelle_Rodriguez_,1099,0,0
Michelle_Yeoh_,485,1,0.0595238
Mick_Jagger_,1048,1,0.0595238
Miguel_Contreras_,1412,1,0.0595238
Miguel_Estrada_,879,0,0
Mike_Babcock_,1024,0,0
Mike_Brey_,272,2,0.119048
Mike_Helton_,106,4,0.238095
Mike_Holmgren_,200,2,0.119048
Mike_Krzyzewski_,1257,3,0.178571
Mike_Martz_,567,1,0.0595238
Mike_Miller_,1602,2,0.119048
Mike_Montgomery_,505,0,0
Mike_Myers_,1503,3,0.178571
Mike_Price_,1256,1,0.0595238
Mike_Scioscia_,1193,1,0.0595238
Mike_Tyson_,1309,1,0.0595238
Mike_Weir_,1174,1,0.0595238
Mikhail_Gorbachev_,982,0,0
Mikhail_Kasyanov_,85,1,0.0595238
Mikhail_Wehbe_,599,1,0.0595238
Mikhail_Youzhny_,1011,1,0.0595238
Mikulas_Dzurinda_,1082,0,0
Milo_Djukanovic_,74,0,0
Milo_Maestrecampo_,1673,7,0.416667
Minnie_Driver_,95,3,0.178571
Mireya_Moscoso_,1510,1,0.0595238
Miroljub_,1333,2,0.119048
Mitchell_Daniels_,524,0,0
Mitoji_Yabunaka_,1613,0,0
Miyako_Miyazaki_,1093,1,0.0595238
Mohamed_Benaissa_,1007,0,0
Mohamed_ElBaradei_,1113,0,0
Mohammad_Khatami_,1346,0,0
Mohammed_Al-Douri_,1499,1,0.0595238
Mohammed_Baqir_al-Hakim_,15,1,0.0595238
Monica_Bellucci_,199,0,0
Monica_Lewinsky_,947,1,0.0595238
Monica_Seles_,1273,1,0.0595238
Monique_Garbrecht-Enfeldt_,1300,1,0.0595238
Morgan_Freeman_,1541,2,0.119048
Moshe_Katsav_,1471,6,0.357143
Muammar_Gaddafi_,1641,6,0.357143
Muhammad_Ali_,846,2,0.119048
Muhammad_Saeed_al-Sahhaf_,1045,2,0.119048
Mukesh_Ambani_,370,0,0
Munir_Akram_,1190,0,0
Nabil_Shaath_,102,1,0.0595238
Nadia_Petrova_,1645,9,0.535714
Nadine_Vinzens_,880,1,0.0595238
Naji_Sabri_,23,0,0
Nan_Wang_,262,0,0
Nancy_Demme_,403,0,0
Nancy_Pelosi_,1093,3,0.178571
Nancy_Reagan_,339,1,0.0595238
Nancy_Sinatra_,504,0,0
Nanni_Moretti_,1529,1,0.0595238
Naomi_Campbell_,1495,1,0.0595238
Naomi_Watts_,308,0,0
Naoto_Kan_,975,1,0.0595238
Nasser_al-Kidwa_,1441,0,0
Nastassia_Kinski_,317,1,0.0595238
Natalie_Cole_,891,2,0.119048
Natalie_Coughlin_,710,1,0.0595238
Natalie_Maines_,1054,1,0.0595238
Natasha_McElhone_,156,0,0
Nathalie_Baye_,623,0,0
Nathan_Lane_,601,2,0.119048
Nebojsa_Pavkovic_,490,0,0
Nelson_Mandela_,1671,5,0.297619
Neri_Marcore_,182,1,0.0595238
Nestor_Kirchner_,743,1,0.0595238
Nia_Vardalos_,854,2,0.119048
Nicanor_Duarte_Frutos_,694,0,0
Nicholas_Byron_,1326,0,0
Nicholas_Tse_,1256,3,0.178571
Nick_Nolte_,1449,2,0.119048
Nicolas_Cage_,1046,2,0.119048
Nicolas_Escude_,1313,0,0
Nicolas_Lapentti_,1530,1,0.0595238
Nicole_Kidman_,375,0,0
Nikki_Reed_,275,1,0.0595238
Noah_Wyle_,520,1,0.0595238
Noelle_Bush_,1409,0,0
Nora_Bendijo_,1287,0,0
Norah_Jones_,1665,0,0
Norm_Coleman_,487,1,0.0595238
Norman_Jewison_,1375,0,0
Norodom_Sihanouk_,1588,3,0.178571
Nursultan_Nazarbayev_,711,0,0
OJ_Simpson_,1159,2,0.119048
Oleksandr_Moroz_,97,1,0.0595238
Olesya_Bonabarenko_,151,0,0
Olivia_Newton-John_,502,0,0
Omar_Sharif_,1015,0,0
Oprah_Winfrey_,1194,0,0
Orlando_Bloom_,835,2,0.119048
Orrin_Hatch_,1411,1,0.0595238
Osama_bin_Laden_,1679,0,0
Oscar_De_La_Hoya_,598,0,0
Oscar_Elias_Biscet_,1512,3,0.178571
Oswaldo_Paya_,1578,2,0.119048
Owen_Wilson_,500,1,0.0595238
Oxana_Fedorova_,793,2,0.119048
Ozzy_Osbourne_,1677,1,0.0595238
Padraig_Harrington_,1205,1,0.0595238
Pamela_Anderson_,18,0,0
Paradorn_Srichaphan_,983,2,0.119048
Paris_Hilton_,907,3,0.178571
Parris_Glendening_,1194,3,0.178571
Pascal_Lamy_,842,1,0.0595238
Pascal_Quignard_,251,0,0
Pat_Burns_,1002,1,0.0595238
Pat_Cox_,1552,0,0
Patrice_Chereau_,441,1,0.0595238
Patricia_Clarkson_,241,0,0
Patricia_Heaton_,739,1,0.0595238
Patrick_Ewing_,1674,5,0.297619
Patrick_Leahy_,1350,0,0
Patrick_McEnroe_,1230,0,0
Patrick_Roy_,82,1,0.0595238
Patrick_Stewart_,1088,0,0
Patti_Labelle_,1131,0,0
Patty_Schnyder_,819,0,0
Paul-Henri_Mathieu_,1226,1,0.0595238
Paul_Bremer_,1571,3,0.178571
Paul_Burrell_,1254,0,0
Paul_Byrd_,1081,2,0.119048
Paul_Coppin_,1662,1,0.0595238
Paul_Gascoigne_,1210,3,0.178571
Paul_Hogan_,1477,1,0.0595238
Paul_Kagame_,1337,2,0.119048
Paul_Martin_,209,2,0.119048
Paul_McCartney_,339,0,0
Paul_McNulty_,65,0,0
Paul_ONeill_,450,1,0.0595238
Paul_Patton_,325,2,0.119048
Paul_Pierce_,1450,2,0.119048
Paul_Sarbanes_,640,1,0.0595238
Paul_Shanley_,1310,0,0
Paul_Tagliabue_,394,1,0.0595238
Paul_Wellstone_,632,1,0.0595238
Paul_William_Hurley_,1072,0,0
Paul_Wolfowitz_,1398,2,0.119048
Paula_Radcliffe_,330,0,0
Paula_Zahn_,813,0,0
Paulo_Cesar_Pinheiro_,1600,0,0
Pedro_Almodovar_,460,0,0
Pedro_Malan_,670,0,0
Pedro_Solbes_,691,0,0
Penelope_Ann_Miller_,978,0,0
Penelope_Cruz_,266,0,0
Pervez_Musharraf_,206,1,0.0595238
Pete_Carroll_,229,1,0.0595238
Pete_Rose_,306,0,0
Pete_Sampras_,1505,1,0.0595238
Peter_Arnett_,1395,1,0.0595238
Peter_Bacanovic_,296,3,0.178571
Peter_Costello_,125,2,0.119048
Peter_Greenaway_,829,0,0
Peter_Harrison_,1414,2,0.119048
Peter_Hillary_,523,1,0.0595238
Peter_Struck_,130,0,0
Petria_Thomas_,1031,2,0.119048
Petro_Symonenko_,997,0,0
Phan_Van_Khai_,1282,1,0.0595238
Phil_Gramm_,1252,1,0.0595238
Phil_Mickelson_,948,2,0.119048
Phil_Vassar_,1451,0,0
Philippe_Noiret_,1179,0,0
Pierce_Brosnan_,962,0,0
Pierre_Boulanger_,596,1,0.0595238
Pierre_Pettigrew_,375,0,0
Placido_Domingo_,1129,0,0
Prince_Charles_,32,1,0.0595238
Prince_Claus_,100,0,0
Prince_Edward_,926,2,0.119048
Prince_Harry_,224,0,0
Prince_Naruhito_,759,0,0
Prince_Willem-Alexander_,1384,0,0
Prince_William_,1436,1,0.0595238
Princess_Aiko_,81,0,0
Princess_Anne_,440,1,0.0595238
Princess_Caroline_,1528,2,0.119048
Princess_Elisabeth_,33,1,0.0595238
Princess_Masako_,1256,1,0.0595238
Priscilla_Owen_,802,0,0
Priscilla_Presley_,352,2,0.119048
Pupi_Avati_,10,0,0
Queen_Beatrix_,25,0,0
Queen_Elizabeth_II_,974,0,0
Queen_Latifah_,1064,1,0.0595238
Queen_Rania_,148,0,0
Rachel_Griffiths_,873,3,0.178571
Rachel_Hunter_,874,2,0.119048
Rafael_Ramirez_,473,0,0
Raghad_Saddam_Hussein_,634,1,0.0595238
Rainer_Schuettler_,951,0,0
Ralf_Schumacher_,1205,3,0.178571
Ralph_Firman_,527,3,0.178571
Ralph_Klein_,289,1,0.0595238
Ralph_Lauren_,393,1,0.0595238
Ranil_Wickremasinghe_,1670,7,0.416667
Raoul_Ruiz_,155,0,0
Raquel_Welch_,342,1,0.0595238
Ray_Allen_,1566,0,0
Ray_Nagin_,490,0,0
Ray_Romano_,1025,2,0.119048
Raymond_Odierno_,813,0,0
Rebecca_Romijn-Stamos_,6,3,0.178571
Rebekah_Chantay_Revels_,166,1,0.0595238
Recep_Tayyip_Erdogan_,669,1,0.0595238
Reese_Witherspoon_,12,0,0
Reggie_Miller_,1335,1,0.0595238
Renee_Zellweger_,28,0,0
Ricardo_Lagos_,308,0,0
Ricardo_Lopez_Murphy_,83,0,0
Ricardo_Maduro_,1657,3,0.178571
Ricardo_Monasterio_,746,1,0.0595238
Ricardo_Sanchez_,1562,4,0.238095
Rich_Gannon_,969,1,0.0595238
Richard_Armitage_,2,19,1.13095
Richard_Branson_,79,0,0
Richard_Butler_,1114,1,0.0595238
Richard_Crenna_,786,0,0
Richard_Gephardt_,1508,3,0.178571
Richard_Gere_,409,0,0
Richard_Haass_,1083,1,0.0595238
Richard_Krajicek_,1572,1,0.0595238
Richard_Myers_,345,0,0
Richard_Norton-Taylor_,991,3,0.178571
Richard_Sambrook_,1121,0,0
Richard_Shelby_,567,0,0
Richard_Virenque_,1680,0,0
Richie_Adubato_,795,0,0
Rick_Barnes_,514,0,0
Rick_Carlisle_,435,1,0.0595238
Rick_Dinse_,1189,0,0
Rick_Perry_,260,0,0
Rick_Pitino_,635,0,0
Rick_Romley_,150,2,0.119048
Rick_Santorum_,1195,0,0
Rick_Stansbury_,946,0,0
Rick_Wagoner_,111,0,0
Ricky_Barnes_,711,1,0.0595238
Ricky_Martin_,1363,0,0
Ricky_Ponting_,1624,3,0.178571
Rio_Ferdinand_,1423,1,0.0595238
Rita_Grande_,1272,2,0.119048
Rita_Moreno_,516,0,0
Rita_Wilson_,841,1,0.0595238
Rob_Lowe_,1163,3,0.178571
Rob_Marshall_,540,0,0
Rob_Schneider_,1289,2,0.119048
Robbie_Fowler_,1115,2,0.119048
Robbie_Williams_,322,0,0
Robby_Ginepri_,1467,0,0
Robert_Blackwill_,172,1,0.0595238
Robert_Blake_,134,4,0.238095
Robert_Bonner_,842,0,0
Robert_Bullock_,421,3,0.178571
Robert_DeFraites_,784,2,0.119048
Robert_De_Niro_,309,1,0.0595238
Robert_Duvall_,270,0,0
Robert_Ehrlich_,145,2,0.119048
Robert_Evans_,861,1,0.0595238
Robert_Fico_,410,6,0.357143
Robert_Horan_,289,0,0
Robert_Kocharian_,591,1,0.0595238
Robert_Mueller_,582,0,0
Robert_Mugabe_,1599,2,0.119048
Robert_Redford_,1055,2,0.119048
Robert_Stack_,542,0,0
Robert_Torricelli_,1317,1,0.0595238
Robert_Witt_,771,1,0.0595238
Robert_Zoellick_,943,2,0.119048
Roberto_Benigni_,631,2,0.119048
Roberto_Carlos_,1577,0,0
Roberto_Marinho_,231,4,0.238095
Robin_Cook_,1121,3,0.178571
Robin_McLaurin_Williams_,9,0,0
Robinson_Stevenin_,468,0,0
Rod_Blagojevich_,358,2,0.119048
Rod_Stewart_,386,0,0
Rodrigo_Borja_,1022,1,0.0595238
Roger_Clemens_,1520,0,0
Roger_Federer_,1260,1,0.0595238
Roger_Moore_,413,0,0
Rogerio_Romero_,1133,0,0
Roh_Moo-hyun_,41,0,0
Rolandas_Paksas_,78,0,0
Rolf_Eckrodt_,665,1,0.0595238
Roman_Polanski_,49,0,0
Romano_Prodi_,1323,1,0.0595238
Ron_Dittemore_,1022,1,0.0595238
Ron_Howard_,719,0,0
Ronald_Reagan_,1507,2,0.119048
Ronaldo_Luis_Nazario_de_Lima_,371,1,0.0595238
Roseanne_Barr_,1439,1,0.0595238
Rosemarie_Stack_,999,0,0
Roy_Jones_Jr_,1549,0,0
Roy_Moore_,990,3,0.178571
Roy_Williams_,1310,1,0.0595238
Ruben_Studdard_,1608,1,0.0595238
Rubens_Barrichello_,1551,4,0.238095
Rudolph_Giuliani_,737,1,0.0595238
Rupert_Grint_,1,0,0
Rupert_Murdoch_,329,1,0.0595238
Russell_Coutts_,1438,1,0.0595238
Russell_Crowe_,162,1,0.0595238
Russell_Simmons_,1570,0,0
Ruth_Dreifuss_,752,1,0.0595238
Ruth_Harlow_,1239,0,0
S_Jayakumar_,1625,1,0.0595238
Saburo_Kawabuchi_,600,2,0.119048
Sachiko_Yamada_,436,2,0.119048
Saddam_Hussein_,1680,0,0
Sadie_Frost_,296,2,0.119048
Saeb_Erekat_,1667,1,0.0595238
Sally_Field_,458,1,0.0595238
Sally_Kirkland_,1080,1,0.0595238
Sally_Ride_,303,0,0
Salma_Hayek_,900,3,0.178571
Salman_Rushdie_,869,4,0.238095
Sam_Bith_,694,2,0.119048
Sam_Mendes_,1206,1,0.0595238
Sam_Torrance_,1677,1,0.0595238
Samira_Makhmalbaf_,865,0,0
Sammy_Sosa_,1614,4,0.238095
Samuel_Waksal_,1437,3,0.178571
Sandra_Bullock_,43,0,0
Saparmurat_Niyazov_,490,0,0
Sarah_Hughes_,1284,0,0
Sarah_Jessica_Parker_,353,0,0
Sarah_Michelle_Gellar_,330,1,0.0595238
Scott_McClellan_,1073,1,0.0595238
Scott_McNealy_,957,1,0.0595238
Scott_Peterson_,1401,1,0.0595238
Scott_Ritter_,282,2,0.119048
Scott_Rudin_,667,2,0.119048
Scott_Sullivan_,40,0,0
Scott_Wolf_,96,2,0.119048
Sean_Astin_,839,0,0
Sean_Hayes_,501,1,0.0595238
Sean_OKeefe_,1185,1,0.0595238
Sean_Patrick_OMalley_,690,0,0
Sean_Penn_,665,0,0
Sebastian_Saja_,1652,0,0
Sebastien_Grosjean_,1291,1,0.0595238
Sepp_Blatter_,1453,2,0.119048
Serena_Williams_,1349,0,0
Sergei_Ivanov_,490,1,0.0595238
Sergey_Lavrov_,1119,4,0.238095
Sergio_Garcia_,1200,0,0
Sergio_Vieira_De_Mello_,601,0,0
Shane_Mosley_,1667,4,0.238095
Shane_Warne_,1548,3,0.178571
Shannon_OBrien_,822,0,0
Sharon_Davis_,754,0,0
Sharon_Frey_,646,2,0.119048
Sharon_Osbourne_,995,0,0
Sharon_Stone_,1594,5,0.297619
Shaukat_Aziz_,856,1,0.0595238
Shaul_Mofaz_,773,1,0.0595238
Sheila_Copps_,872,0,0
Sheila_Fraser_,174,2,0.119048
Sheila_Wellstone_,1365,2,0.119048
Sheryl_Crow_,283,1,0.0595238
Shia_LaBeouf_,160,1,0.0595238
Shimon_Peres_,21,0,0
Sila_Calderon_,255,0,0
Silvan_Shalom_,466,0,0
Silvia_Farina_Elia_,754,1,0.0595238
Silvio_Berlusconi_,1267,0,0
Silvio_Fernandez_,1669,7,0.416667
Simon_Cowell_,272,0,0
Slobodan_Milosevic_,310,0,0
Sonia_Gandhi_,1123,0,0
Sophia_Loren_,2,12,0.714286
Sourav_Ganguly_,1676,3,0.178571
Spencer_Abraham_,275,0,0
Stacy_Dragila_,662,2,0.119048
Stan_Heath_,1631,2,0.119048
Stanley_McChrystal_,512,2,0.119048
Stanley_Tong_,37,0,0
Stefano_Accorsi_,830,1,0.0595238
Steffi_Graf_,1618,2,0.119048
Stellan_Skarsgard_,290,1,0.0595238
Stephen_Ambrose_,58,0,0
Stephen_Daldry_,886,0,0
Stephen_Friedman_,477,0,0
Steve_Backley_,1646,0,0
Steve_Ballmer_,72,0,0
Steve_Lavin_,772,0,0
Steve_Mariucci_,1373,1,0.0595238
Steve_Nash_,1112,4,0.238095
Steve_Park_,970,1,0.0595238
Steve_Spurrier_,1462,4,0.238095
Steve_Waugh_,21,2,0.119048
Steven_Hatfill_,113,0,0
Steven_Seagal_,98,0,0
Steven_Spielberg_,207,0,0
Stockard_Channing_,1293,1,0.0595238
Strom_Thurmond_,356,4,0.238095
Sue_Wicks_,928,0,0
Surakait_Sathirathai_,176,1,0.0595238
Susan_Collins_,1299,1,0.0595238
Susan_Sarandon_,443,0,0
Susie_Castillo_,1455,3,0.178571
Susilo_Bambang_Yudhoyono_,1523,2,0.119048
Suzanne_Gaudet_,329,2,0.119048
Svetlana_Koroleva_,176,0,0
Sylvester_Stallone_,663,1,0.0595238
Taha_Yassin_Ramadan_,368,0,0
Takashi_Sorimachi_,924,0,0
Tamara_Brooks_,1468,1,0.0595238
Tammy_Lynn_Michaels_,529,2,0.119048
Tang_Jiaxuan_,506,2,0.119048
Tariq_Aziz_,992,0,0
Tassos_Papadopoulos_,842,0,0
Taufik_Hidayat_,736,2,0.119048
Ted_Maher_,87,0,0
Terje_Roed-Larsen_,1193,1,0.0595238
Terrell_Suggs_,1676,6,0.357143
Terry_McAuliffe_,999,0,0
Terry_Stotts_,811,4,0.238095
Thabo_Mbeki_,1570,3,0.178571
Thaksin_Shinawatra_,4,0,0
Theo_Epstein_,1568,1,0.0595238
Theodore_Tweed_Roosevelt_,498,1,0.0595238
Theresa_May_,1221,2,0.119048
Thierry_Falise_,310,2,0.119048
Thomas_Birmingham_,1639,0,0
Thomas_Bjorn_,851,1,0.0595238
Thomas_Fargo_,139,4,0.238095
Thomas_Malchow_,1381,0,0
Thomas_OBrien_,17,0,0
Thomas_Rupprath_,1140,3,0.178571
Thomas_Wyman_,838,2,0.119048
Tiger_Woods_,1490,1,0.0595238
Tim_Allen_,48,1,0.0595238
Tim_Chapman_,1490,1,0.0595238
Tim_Conway_,810,0,0
Tim_Curry_,540,2,0.119048
Tim_Duncan_,1539,1,0.0595238
Tim_Floyd_,622,0,0
Tim_Henman_,1344,2,0.119048
Tim_Robbins_,99,2,0.119048
Tippi_Hedren_,296,0,0
Todd_Haynes_,1321,1,0.0595238
Tom_Brady_,748,1,0.0595238
Tom_Coverdale_,1416,0,0
Tom_Craddick_,608,0,0
Tom_Crean_,1170,2,0.119048
Tom_Cruise_,904,0,0
Tom_Daschle_,404,1,0.0595238
Tom_Glavine_,85,0,0
Tom_Hanks_,1238,0,0
Tom_Harkin_,1590,1,0.0595238
Tom_Jones_,1347,2,0.119048
Tom_Reilly_,1391,1,0.0595238
Tom_Ridge_,213,1,0.0595238
Tom_Watson_,900,1,0.0595238
Tommy_Franks_,918,4,0.238095
Tommy_Haas_,533,1,0.0595238
Tommy_Robredo_,816,1,0.0595238
Tommy_Thompson_,407,1,0.0595238
Tomoko_Hagiwara_,261,0,0
Toni_Braxton_,1417,1,0.0595238
Tony_Bennett_,249,0,0
Tony_Blair_,1405,0,0
Tony_Curtis_,434,1,0.0595238
Tony_Parker_,1662,4,0.238095
Tony_Shalhoub_,1241,0,0
Tony_Stewart_,437,1,0.0595238
Torri_Edwards_,1440,0,0
Toshihiko_Fukui_,813,1,0.0595238
Tracee_Ellis_Ross_,908,0,0
Tracy_McGrady_,1506,0,0
Trent_Lott_,973,0,0
Tsutomu_Takebe_,650,0,0
Tubby_Smith_,1550,0,0
Tung_Chee-hwa_,1630,0,0
Tyler_Hamilton_,1597,2,0.119048
Tyra_Banks_,1655,0,0
Tyron_Garner_,1469,2,0.119048
Uma_Thurman_,1006,0,0
Vaclav_Havel_,1274,0,0
Vaclav_Klaus_,30,0,0
Valdas_Adamkus_,75,0,0
Valentino_Rossi_,1615,3,0.178571
Valerie_Harper_,523,1,0.0595238
Valery_Giscard_dEstaing_,1648,0,0
Vanessa_Incontrada_,111,1,0.0595238
Vanessa_Redgrave_,124,0,0
Vanessa_Williams_,278,1,0.0595238
Venus_Williams_,1609,0,0
Vicente_Fernandez_,1171,0,0
Vicente_Fox_,65,0,0
Vicki_Zhao_Wei_,386,1,0.0595238
Victoria_Beckham_,1037,4,0.238095
Victoria_Clarke_,1378,4,0.238095
Vidar_Helgesen_,1190,0,0
Vin_Diesel_,1351,2,0.119048
Vince_Carter_,477,0,0
Vince_Gill_,364,0,0
Vincent_Brooks_,1616,2,0.119048
Vincent_Gallo_,593,1,0.0595238
Vitali_Klitschko_,208,1,0.0595238
Vivica_Fox_,1465,3,0.178571
Vladimir_Putin_,1252,0,0
Vladimir_Spidla_,814,2,0.119048
Vladimir_Voltchkov_,1487,1,0.0595238
Vladimiro_Montesinos_,964,2,0.119048
Vojislav_Kostunica_,1589,3,0.178571
Walter_Mondale_,1306,1,0.0595238
Wang_Yi_,1249,4,0.238095
Wang_Yingfan_,90,0,0
Warren_Beatty_,1022,2,0.119048
Warren_Buffett_,432,1,0.0595238
Wayne_Ferreira_,1304,2,0.119048
Wayne_Gretzky_,692,1,0.0595238
Wen_Jiabao_,129,0,0
Wesley_Clark_,1520,0,0
Will_Smith_,1148,2,0.119048
William_Bratton_,734,2,0.119048
William_Bulger_,705,3,0.178571
William_Burns_,1277,0,0
William_Donaldson_,1340,0,0
William_Ford_Jr_,564,0,0
William_Hochul_,1398,1,0.0595238
William_Macy_,131,0,0
William_Martin_,359,0,0
William_Rehnquist_,936,0,0
Win_Aung_,627,2,0.119048
Winona_Ryder_,458,0,0
Wolfgang_Schuessel_,336,0,0
Woody_Allen_,1449,2,0.119048
Wu_Yi_,89,0,0
Xanana_Gusmao_,1007,1,0.0595238
Xavier_Malisse_,1137,2,0.119048
Yann_Martel_,246,1,0.0595238
Yao_Ming_,961,2,0.119048
Yasar_Yakis_,1521,2,0.119048
Yashwant_Sinha_,1198,1,0.0595238
Yasser_Arafat_,225,0,0
Yevgeny_Kafelnikov_,1493,2,0.119048
Yoko_Ono_,1259,1,0.0595238
Yoriko_Kawaguchi_,120,0,0
Yossi_Beilin_,1560,1,0.0595238
Yu_Shyi-kun_,747,1,0.0595238
Yukiko_Okudo_,180,1,0.0595238
Yuri_Fedotov_,778,2,0.119048
Yuri_Malenchenko_,118,3,0.178571
Zafarullah_Khan_Jamali_,328,0,0
Zarai_Toledo_,878,2,0.119048
Zhang_Wenkang_,811,0,0
Zhang_Ziyi_,204,0,0
Zhu_Rongji_,21,1,0.0595238
Zico_,578,0,0
Zinedine_Zidane_,586,0,0
Zoran_Djindjic_,683,2,0.119048
